City_ID,City,Country,Date,Lat,Lng,Max Temp,Humidity,Cloudiness,Wind Speed
0,Airai,TL,2022-11-29 20:51:51,-8.9266,125.4092,59.68,92,91,0.4
1,Padang,ID,2022-11-29 20:51:52,-0.9492,100.3543,76.68,88,96,2.64
2,Castro,BR,2022-11-29 20:51:52,-24.7911,-50.0119,62.56,89,88,7.0
3,Arraias,BR,2022-11-29 20:51:52,-12.9288,-46.9437,70.47,93,99,4.76
4,Ushuaia,AR,2022-11-29 20:51:53,-54.8,-68.3,51.42,61,75,23.02
5,Meridian,US,2022-11-29 20:51:34,43.6121,-116.3915,35.71,58,75,5.99
6,Zhigansk,RU,2022-11-29 20:51:53,66.7697,123.3711,-43.35,99,57,3.85
7,Nikolskoye,RU,2022-11-29 20:51:53,59.7035,30.7861,28.29,92,100,5.1
8,Puerto El Triunfo,SV,2022-11-29 20:51:54,13.2833,-88.55,83.08,66,100,6.24
9,Nanortalik,GL,2022-11-29 20:51:54,60.1432,-45.2371,32.58,90,100,13.56
10,Katsuura,JP,2022-11-29 20:51:55,35.1333,140.3,68.16,89,96,13.8
11,Tommot,RU,2022-11-29 20:51:55,58.9564,126.2925,-19.71,93,100,9.89
12,Punta Arenas,CL,2022-11-29 20:51:55,-53.15,-70.9167,48.31,57,75,27.63
13,Albany,US,2022-11-29 20:48:21,42.6001,-73.9662,37.67,66,95,4.5
14,Kavieng,PG,2022-11-29 20:51:56,-2.5744,150.7967,82.8,66,97,3.67
15,Khatanga,RU,2022-11-29 20:51:56,71.9667,102.5,-1.86,91,94,10.07
16,Bredasdorp,ZA,2022-11-29 20:51:56,-34.5322,20.0403,64.9,78,5,4.21
17,Jamestown,US,2022-11-29 20:51:50,42.097,-79.2353,46.02,66,75,11.5
18,Calamar,CO,2022-11-29 20:51:57,10.2511,-74.9146,80.51,83,100,7.47
19,Alofi,NU,2022-11-29 20:51:57,-19.0595,-169.9187,80.49,74,75,9.22
20,Naze,JP,2022-11-29 20:51:57,28.3667,129.4833,67.12,87,99,21.18
21,Kapaa,US,2022-11-29 20:50:27,22.0752,-159.319,82.38,85,20,4.61
22,Mazatlan,MX,2022-11-29 20:47:39,23.2167,-106.4167,79.92,79,59,4.0
23,Mataura,NZ,2022-11-29 20:51:58,-46.1927,168.8643,59.49,76,100,5.93
24,Yellowknife,CA,2022-11-29 20:51:58,62.456,-114.3525,-19.68,69,40,5.75
25,Hasaki,JP,2022-11-29 20:51:59,35.7333,140.8333,63.28,84,95,5.64
26,Busselton,AU,2022-11-29 20:51:59,-33.65,115.3333,69.84,48,77,13.67
27,Porto Murtinho,BR,2022-11-29 20:51:59,-21.6989,-57.8825,90.52,36,75,10.25
28,Cape Town,ZA,2022-11-29 20:51:19,-33.9258,18.4232,65.88,88,0,5.75
29,Ulaanbaatar,MN,2022-11-29 20:52:00,47.9077,106.8832,-23.67,62,0,4.47
30,Clyde River,CA,2022-11-29 20:52:00,70.4692,-68.5914,-23.57,76,0,2.3
31,Rawson,AR,2022-11-29 20:52:01,-43.3002,-65.1023,56.71,62,47,26.69
32,Razvilnoye,RU,2022-11-29 20:52:01,46.2387,41.2987,29.39,54,81,21.94
33,Pevek,RU,2022-11-29 20:52:01,69.7008,170.3133,6.53,97,99,2.82
34,Daru,PG,2022-11-29 20:52:02,-9.0763,143.2092,77.49,86,96,7.38
35,Asau,RO,2022-11-29 20:52:02,46.4333,26.4,33.28,95,100,2.15
36,Victoria,HK,2022-11-29 20:50:03,22.2855,114.1577,76.17,89,1,8.01
37,Comodoro Rivadavia,AR,2022-11-29 20:52:02,-45.8667,-67.5,55.26,50,20,12.66
38,Santa Cruz,BO,2022-11-29 20:51:45,-17.8,-63.1667,98.06,34,75,18.41
39,Tiksi,RU,2022-11-29 20:52:03,71.6872,128.8694,-30.32,100,57,3.71
40,Bambous Virieux,MU,2022-11-29 20:52:03,-20.3428,57.7575,73.65,78,40,3.44
41,Clarence Town,AU,2022-11-29 20:52:04,-32.5833,151.7833,67.95,57,0,5.88
42,Lebu,CL,2022-11-29 20:48:13,-37.6167,-73.65,60.13,85,99,13.85
43,Lavrentiya,RU,2022-11-29 20:52:04,65.5833,-171.0,27.34,97,100,10.47
44,Bagotville,AU,2022-11-29 20:52:05,-28.9833,153.4167,69.85,77,100,14.12
45,Erdenet,MN,2022-11-29 20:52:05,49.0333,104.0833,-13.16,85,100,4.03
46,San Cristobal,VE,2022-11-29 20:52:05,7.7669,-72.225,71.78,96,100,1.32
47,Bethel,US,2022-11-29 20:53:06,41.3712,-73.414,41.54,66,93,3.2
48,Zalesovo,RU,2022-11-29 20:53:06,53.9939,84.7431,-13.79,96,95,1.45
49,Tessalit,ML,2022-11-29 20:53:06,20.1986,1.0114,72.59,16,76,7.4
50,Puerto Rico,AR,2022-11-29 20:53:07,-26.796,-55.024,85.24,48,80,3.49
51,Alness,GB,2022-11-29 20:53:07,57.696,-4.2551,29.97,89,92,2.24
52,Sola,VU,2022-11-29 20:53:08,-13.8833,167.55,79.47,89,64,0.0
53,Yunyang,CN,2022-11-29 20:53:08,33.4474,112.7142,30.42,32,100,13.35
54,Vaini,TO,2022-11-29 20:53:08,-21.2,-175.2,80.76,74,20,13.8
55,Houston,US,2022-11-29 20:49:52,29.7633,-95.3633,83.39,77,75,18.41
56,Bud,US,2022-11-29 20:53:09,39.447,-86.1758,61.14,73,14,19.62
57,Hermanus,ZA,2022-11-29 20:53:09,-34.4187,19.2345,62.8,91,16,4.52
58,Bluff,NZ,2022-11-29 20:53:09,-46.6,168.3333,59.81,74,100,11.1
59,Rio Gallegos,AR,2022-11-29 20:53:10,-51.6226,-69.2181,55.45,35,40,36.82
60,Carnarvon,AU,2022-11-29 20:53:10,-24.8667,113.6333,69.71,87,0,11.54
61,Necochea,AR,2022-11-29 20:53:11,-38.5473,-58.7368,76.32,58,100,8.77
62,Klaksvik,FO,2022-11-29 20:53:11,62.2266,-6.589,41.92,83,100,9.06
63,Saint-Philippe,RE,2022-11-29 20:53:11,-21.3585,55.7679,74.79,78,99,4.27
64,Osterhofen,DE,2022-11-29 20:53:12,48.7,13.0167,41.86,90,100,1.86
65,Torbay,CA,2022-11-29 20:53:12,47.6666,-52.7314,34.75,74,75,18.41
66,East London,ZA,2022-11-29 20:53:12,-33.0153,27.9116,71.49,80,28,21.99
67,Tibati,CM,2022-11-29 20:53:13,6.4667,12.6333,71.29,34,8,4.29
68,Qaanaaq,GL,2022-11-29 20:53:13,77.484,-69.3632,-16.76,82,16,5.19
69,Kamaishi,JP,2022-11-29 20:53:14,39.2667,141.8833,56.37,86,99,3.04
70,Samarai,PG,2022-11-29 20:53:35,-10.6167,150.6667,81.25,78,97,4.29
71,Rikitea,PF,2022-11-29 20:53:35,-23.1203,-134.9692,72.3,75,89,16.91
72,Hilo,US,2022-11-29 20:51:03,19.7297,-155.09,80.33,83,40,6.91
73,Longyearbyen,SJ,2022-11-29 20:53:36,78.2186,15.6401,42.64,75,75,14.97
74,Hovd,MN,2022-11-29 20:53:36,48.0056,91.6419,-7.19,71,0,3.31
75,Axim,GH,2022-11-29 20:53:37,4.8699,-2.2405,79.12,80,56,6.06
76,Colorado Springs,US,2022-11-29 20:51:26,38.8339,-104.8214,25.68,74,100,11.5
77,Sitka,US,2022-11-29 20:53:37,57.0531,-135.33,23.49,43,71,10.38
78,Ponta Do Sol,PT,2022-11-29 20:53:37,32.6667,-17.1,65.71,71,21,2.98
79,Geraldton,AU,2022-11-29 20:53:38,-28.7667,114.6,70.21,83,100,8.05
80,Mareeba,AU,2022-11-29 20:53:38,-17.0,145.4333,76.46,97,78,1.63
81,Port Alfred,ZA,2022-11-29 20:53:38,-33.5906,26.891,71.82,82,53,15.75
82,Dingle,PH,2022-11-29 20:53:39,10.9995,122.6711,75.58,92,25,7.85
83,Souillac,MU,2022-11-29 20:53:39,-20.5167,57.5167,73.78,78,40,3.44
84,Bathsheba,BB,2022-11-29 20:53:40,13.2167,-59.5167,79.41,83,75,13.8
85,Cabo San Lucas,MX,2022-11-29 20:52:10,22.8909,-109.9124,83.61,63,6,1.99
86,New Norfolk,AU,2022-11-29 20:53:40,-42.7826,147.0587,58.71,65,80,8.03
87,Dubbo,AU,2022-11-29 20:53:40,-32.25,148.6167,60.93,67,1,17.27
88,Fairbanks,US,2022-11-29 20:50:51,64.8378,-147.7164,-3.08,76,40,0.0
89,Hobart,AU,2022-11-29 20:54:41,-42.8794,147.3294,59.05,64,40,12.66
90,Otjimbingwe,NA,2022-11-29 20:54:42,-22.35,16.1333,75.94,26,70,3.76
91,Severo-Kurilsk,RU,2022-11-29 20:54:43,50.6789,156.125,38.16,95,100,22.77
92,Camalu,MX,2022-11-29 20:54:43,30.85,-116.0667,63.34,55,0,11.83
93,Isangel,VU,2022-11-29 20:52:48,-19.55,169.2667,84.31,79,91,3.44
94,San Fernando,PH,2022-11-29 20:54:44,15.0286,120.6898,78.53,89,88,4.27
95,Saldanha,ZA,2022-11-29 20:54:44,-33.0117,17.9442,64.45,96,1,1.52
96,Nsunga,TZ,2022-11-29 20:54:44,-1.1439,31.3947,62.31,95,92,1.16
97,Hamilton,US,2022-11-29 20:51:05,39.1834,-84.5333,61.05,67,0,14.97
98,Camocim,BR,2022-11-29 20:52:09,-2.9022,-40.8411,79.57,75,97,10.51
99,Butaritari,KI,2022-11-29 20:54:45,3.0707,172.7902,80.83,76,40,10.13
100,Vao,NC,2022-11-29 20:54:45,-22.6667,167.4833,78.31,87,50,11.1
101,Atuona,PF,2022-11-29 20:51:42,-9.8,-139.0333,77.76,73,25,15.9
102,Waipawa,NZ,2022-11-29 20:54:46,-41.4122,175.5153,63.46,69,77,16.84
103,Tuktoyaktuk,CA,2022-11-29 20:54:46,69.4541,-133.0374,-0.4,85,100,14.97
104,Lovington,US,2022-11-29 20:54:46,32.944,-103.3485,66.33,28,0,5.01
105,Opera,IT,2022-11-29 20:54:47,45.3731,9.2112,44.69,88,20,2.3
106,Nizhniy Odes,RU,2022-11-29 20:54:47,63.6445,54.856,9.79,96,100,2.08
107,Yulara,AU,2022-11-29 20:54:47,-25.2406,130.9889,65.84,35,0,8.81
108,Bonavista,CA,2022-11-29 20:54:48,48.6499,-53.1147,28.0,71,95,24.58
109,Amot,NO,2022-11-29 20:54:48,59.5714,7.9877,31.77,98,100,1.79
110,Vila Velha,BR,2022-11-29 20:54:48,-20.3297,-40.2925,75.15,94,100,8.05
111,Puerto Ayora,EC,2022-11-29 20:54:49,-0.7393,-90.3518,78.76,86,58,5.99
112,Hojslev,DK,2022-11-29 20:54:49,56.5857,9.1364,40.05,93,99,1.99
113,Port Elizabeth,ZA,2022-11-29 20:52:20,-33.918,25.5701,71.1,86,53,10.0
114,Iqaluit,CA,2022-11-29 20:54:50,63.7506,-68.5145,-15.07,70,20,18.41
115,Bunia,CD,2022-11-29 20:54:50,1.5667,30.25,63.43,84,100,1.88
116,Luderitz,NA,2022-11-29 20:54:50,-26.6481,15.1594,62.28,85,12,6.89
117,Sarahan,IN,2022-11-29 20:54:51,31.5167,77.8,44.19,20,4,8.08
118,Esperance,AU,2022-11-29 20:54:51,-33.8667,121.9,61.86,69,6,17.31
119,Vigrestad,NO,2022-11-29 20:54:51,58.5667,5.7,43.97,88,99,18.12
120,Chokurdakh,RU,2022-11-29 20:54:52,70.6333,147.9167,-11.78,98,100,9.24
121,San Patricio,US,2022-11-29 20:54:52,28.017,-97.5169,87.89,56,87,11.52
122,Kodiak,US,2022-11-29 20:54:52,57.79,-152.4072,28.56,67,6,10.6
123,Gomel,BY,2022-11-29 20:54:53,52.4345,30.9754,29.82,93,100,11.18
124,Wasilla,US,2022-11-29 20:54:53,61.5814,-149.4394,5.07,83,0,4.61
125,Ngorongoro,TZ,2022-11-29 20:54:54,-3.2397,35.4875,52.77,91,36,3.49
126,Narsaq,GL,2022-11-29 20:54:54,60.9167,-46.05,26.74,89,100,3.98
127,Lamu,KE,2022-11-29 20:54:54,-2.2717,40.902,80.82,83,32,8.57
128,Hobyo,SO,2022-11-29 20:54:55,5.3505,48.5268,79.59,72,29,15.88
129,Arraial Do Cabo,BR,2022-11-29 20:54:55,-22.9661,-42.0278,75.06,88,75,17.27
130,Saskylakh,RU,2022-11-29 20:54:56,71.9167,114.0833,-29.25,100,88,6.82
131,Shingu,JP,2022-11-29 20:50:27,33.7333,135.9833,63.05,91,86,4.09
132,Darnah,LY,2022-11-29 20:54:56,32.767,22.6367,62.51,63,86,17.38
133,Thompson,CA,2022-11-29 20:54:56,55.7435,-97.8558,3.36,78,100,19.57
134,Bairiki,KI,2022-11-29 20:54:57,1.3292,172.9752,80.6,83,75,5.75
135,Novo Aripuana,BR,2022-11-29 20:53:11,-5.1206,-60.3797,81.39,79,89,0.2
136,Pochutla,MX,2022-11-29 20:55:57,15.7432,-96.4661,85.82,55,52,6.67
137,Batagay-Alyta,RU,2022-11-29 20:55:57,67.8006,130.4114,-25.22,90,100,2.21
138,Vitry-Le-Francois,FR,2022-11-29 20:55:58,48.7333,4.5833,43.66,95,26,4.61
139,Ust-Maya,RU,2022-11-29 20:55:58,60.4167,134.5333,-32.31,97,100,2.82
140,Tamworth,GB,2022-11-29 20:55:15,52.634,-1.6959,40.64,96,33,1.99
141,Sioux Lookout,CA,2022-11-29 20:55:59,50.1001,-91.917,23.07,63,75,5.75
142,Anori,BR,2022-11-29 20:55:59,-3.7728,-61.6442,86.45,63,89,2.84
143,Ambon,ID,2022-11-29 20:54:25,-3.6954,128.1814,77.23,15,40,4.61
144,Nemuro,JP,2022-11-29 20:56:00,43.3236,145.575,40.66,77,100,20.69
145,Urrutia,HN,2022-11-29 20:56:00,14.7427,-87.0422,83.41,49,22,5.59
146,Dharchula,IN,2022-11-29 20:56:00,29.85,80.5333,54.88,23,100,6.55
147,Kaitangata,NZ,2022-11-29 20:56:01,-46.2817,169.8464,54.77,93,100,6.89
148,Vestmanna,FO,2022-11-29 20:56:01,62.1564,-7.1664,40.12,100,100,6.91
149,Tara,RU,2022-11-29 20:56:01,56.8944,74.371,-12.01,96,8,3.74
150,Katherine,AU,2022-11-29 20:56:02,-14.4667,132.2667,77.32,88,40,0.0
151,High Level,CA,2022-11-29 20:54:08,58.5169,-117.136,-5.69,71,40,12.66
152,Salalah,OM,2022-11-29 20:56:02,17.0151,54.0924,74.26,76,0,2.35
153,Mindelo,CV,2022-11-29 20:56:02,16.8901,-24.9804,74.75,69,40,14.97
154,Ndele,CF,2022-11-29 20:56:03,8.4109,20.6473,77.68,29,80,3.04
155,Matiri,TZ,2022-11-29 20:56:03,-10.75,34.9,67.53,50,28,2.53
156,Marawi,PH,2022-11-29 20:56:04,7.9986,124.2928,67.5,94,100,1.48
157,Megion,RU,2022-11-29 20:56:04,61.0296,76.1136,-17.99,98,98,4.36
158,Springbok,ZA,2022-11-29 20:56:04,-29.6643,17.8865,59.81,77,0,3.31
159,Husavik,IS,2022-11-29 20:56:05,66.0449,-17.3389,33.66,77,59,15.82
160,Leningradskiy,RU,2022-11-29 20:56:05,69.3833,178.4167,20.86,80,100,9.89
161,Tuatapere,NZ,2022-11-29 20:56:06,-46.1333,167.6833,55.8,81,78,6.24
162,Manzanillo,CU,2022-11-29 20:56:06,20.3433,-77.1167,89.65,39,22,12.55
163,Chifeng,CN,2022-11-29 20:56:06,42.2683,118.9636,5.79,32,0,14.76
164,Cacu,BR,2022-11-29 20:56:07,-18.5567,-51.1308,81.05,45,71,9.98
165,Barrow,US,2022-11-29 20:56:07,71.2906,-156.7887,8.4,73,100,11.56
166,Ostrovnoy,RU,2022-11-29 20:56:07,68.0531,39.5131,26.11,93,53,10.07
167,Kupang,ID,2022-11-29 20:56:08,-10.1667,123.5833,80.42,77,100,6.67
168,Fayetteville,US,2022-11-29 20:53:48,35.0527,-78.8784,68.2,53,0,4.61
169,Avarua,CK,2022-11-29 20:56:08,-21.2078,-159.775,80.65,74,20,14.97
170,Sangar,RU,2022-11-29 20:56:09,63.9242,127.4739,-39.37,99,100,1.63
171,Cidreira,BR,2022-11-29 20:56:09,-30.1811,-50.2056,71.82,85,15,15.19
172,Camopi,GF,2022-11-29 20:56:09,3.1655,-52.3158,75.92,89,79,3.56
173,Ribeira Grande,PT,2022-11-29 20:56:10,38.5167,-28.7,63.0,88,75,4.61
174,Pangody,RU,2022-11-29 20:56:10,65.85,74.4859,1.78,95,92,5.14
175,Rio Grande,BR,2022-11-29 20:56:10,-32.035,-52.0986,80.71,78,13,14.88
176,Sirur,IN,2022-11-29 20:56:11,18.8333,74.3833,69.08,52,48,2.71
177,Poum,NC,2022-11-29 20:56:11,-20.2333,164.0167,81.79,79,65,11.03
178,Mar Del Plata,AR,2022-11-29 20:53:19,-38.0023,-57.5575,74.08,88,75,17.27
179,Ochakiv,UA,2022-11-29 20:56:12,46.6128,31.5498,41.31,67,100,18.75
180,Akyab,MM,2022-11-29 20:56:12,20.15,92.9,76.64,88,13,5.86
181,Gat,IL,2022-11-29 20:56:12,31.61,34.7642,62.4,100,5,4.76
182,Rio Tercero,AR,2022-11-29 20:56:13,-32.173,-64.1141,77.05,55,100,4.72
183,Tuy Hoa,VN,2022-11-29 20:57:13,13.0833,109.3,74.17,90,15,3.29
184,Amga,RU,2022-11-29 20:57:13,60.8953,131.9608,-32.39,100,100,2.84
185,Mahebourg,MU,2022-11-29 20:54:54,-20.4081,57.7,73.69,78,40,3.44
186,Marsa Matruh,EG,2022-11-29 20:57:14,31.3525,27.2453,59.2,72,0,0.0
187,Srednekolymsk,RU,2022-11-29 20:57:14,67.45,153.6833,-15.05,97,100,11.54
188,Lagoa,PT,2022-11-29 20:57:15,39.05,-27.9833,62.29,83,100,11.83
189,Canto Do Buriti,BR,2022-11-29 20:57:15,-8.11,-42.9444,71.06,97,100,5.53
190,Tasiilaq,GL,2022-11-29 20:57:15,65.6145,-37.6368,35.1,95,100,36.78
191,Izhma,RU,2022-11-29 20:57:16,65.0083,53.9113,17.04,96,100,3.67
192,Verkhnyaya Sinyachikha,RU,2022-11-29 20:57:16,57.976,61.6673,11.05,97,100,2.66
193,Inhambane,MZ,2022-11-29 20:57:16,-23.865,35.3833,69.73,68,27,9.15
194,Tucurui,BR,2022-11-29 20:57:17,-3.7661,-49.6725,85.51,52,93,3.87
195,Katobu,ID,2022-11-29 20:57:17,-4.9408,122.5276,75.18,94,100,3.27
196,Fengkou,CN,2022-11-29 20:57:17,30.0833,113.2667,35.8,68,100,20.65
197,Georgetown,MY,2022-11-29 20:56:45,5.4112,100.3354,79.23,91,20,2.3
198,Codrington,AU,2022-11-29 20:57:18,-38.2667,141.9667,54.73,82,72,4.34
199,Mgachi,RU,2022-11-29 20:57:18,51.05,142.2667,15.87,93,100,16.58
200,Maceio,BR,2022-11-29 20:56:00,-9.6658,-35.7353,76.44,94,75,6.91
201,Bara,NG,2022-11-29 20:57:19,10.3744,10.7288,72.01,27,23,7.9
202,Praia Da Vitoria,PT,2022-11-29 20:57:19,38.7333,-27.0667,63.75,88,75,8.93
203,Kalmunai,LK,2022-11-29 20:57:19,7.4167,81.8167,74.34,83,77,5.99
204,Huarmey,PE,2022-11-29 20:57:20,-10.0681,-78.1522,72.05,72,59,9.26
205,Pedernales,DO,2022-11-29 20:57:20,18.0384,-71.744,82.56,62,10,6.58
206,Sivaki,RU,2022-11-29 20:57:20,52.6333,126.75,-10.68,83,100,11.43
207,Kysyl-Syr,RU,2022-11-29 20:57:21,63.8986,122.7617,-34.31,99,100,5.08
208,Haines Junction,CA,2022-11-29 20:57:21,60.7522,-137.5108,1.35,55,33,4.61
209,Acarau,BR,2022-11-29 20:57:21,-2.8856,-40.12,79.0,75,96,10.67
210,Myitkyina,MM,2022-11-29 20:57:22,25.3833,97.4,59.38,71,0,2.59
211,Amahai,ID,2022-11-29 20:57:22,-3.3333,128.9167,78.17,83,100,4.61
212,Timmins,CA,2022-11-29 20:56:02,48.4669,-81.3331,33.62,75,100,10.36
213,Kloulklubed,PW,2022-11-29 20:57:23,7.0419,134.2556,84.29,76,76,18.75
214,Shaowu,CN,2022-11-29 20:57:23,27.3409,117.4831,52.66,95,100,5.35
215,Sao Joao Da Barra,BR,2022-11-29 20:57:24,-21.6403,-41.0511,75.29,91,83,18.21
216,Turukhansk,RU,2022-11-29 20:57:24,65.8167,87.9833,-7.49,99,99,5.5
217,Broome,US,2022-11-29 20:57:24,42.2506,-75.833,44.02,70,98,3.0
218,Fez,MA,2022-11-29 20:55:02,34.0372,-4.9998,50.25,34,0,9.22
219,Vardo,NO,2022-11-29 20:57:25,70.3705,31.1107,35.58,80,100,16.11
220,Hithadhoo,MV,2022-11-29 20:57:25,-0.6,73.0833,81.28,73,99,7.94
221,Tres Arroyos,AR,2022-11-29 20:57:25,-38.3739,-60.2798,68.85,84,77,13.24
222,Kokkola,FI,2022-11-29 20:57:26,63.8385,23.1307,31.03,94,75,5.75
223,Maamba,ZM,2022-11-29 20:57:26,-17.3667,27.15,71.04,74,36,3.15
224,Riyadh,SA,2022-11-29 20:52:56,24.6877,46.7219,66.34,29,100,7.34
225,Inyonga,TZ,2022-11-29 20:57:27,-6.7167,32.0667,65.86,82,100,3.62
226,Kapoeta,SS,2022-11-29 20:57:27,4.7717,33.5903,82.94,40,61,8.12
227,Liusha,CN,2022-11-29 20:57:27,27.2098,108.59,30.07,92,100,12.28
228,Opuwo,NA,2022-11-29 20:57:28,-18.0607,13.84,77.13,42,93,6.85
229,Lorengau,PG,2022-11-29 20:57:28,-2.0226,147.2712,82.72,72,72,6.76
230,Lata,PT,2022-11-29 20:58:29,40.1629,-8.3327,47.07,93,94,2.17
231,Buta,CD,2022-11-29 20:58:29,2.7858,24.73,69.73,98,74,3.31
232,Yumen,CN,2022-11-29 20:58:30,40.2833,97.2,1.81,76,100,6.24
233,Pangnirtung,CA,2022-11-29 20:58:30,66.1451,-65.7125,1.4,78,100,9.22
234,Seoul,KR,2022-11-29 20:55:55,37.5683,126.9778,24.19,46,0,14.97
235,Mount Gambier,AU,2022-11-29 20:58:30,-37.8333,140.7667,54.82,79,71,3.13
236,Upata,VE,2022-11-29 20:58:31,8.0086,-62.3989,72.19,94,100,5.35
237,Shakawe,BW,2022-11-29 20:58:31,-18.3667,21.85,78.91,38,66,6.4
238,Artsyz,UA,2022-11-29 20:58:31,45.9919,29.4182,40.91,75,100,11.05
239,Aswan,EG,2022-11-29 20:58:32,24.0934,32.907,70.9,35,0,0.0
240,Lasa,IT,2022-11-29 20:58:32,46.6166,10.7002,33.03,94,97,4.09
241,Cayenne,GF,2022-11-29 20:58:32,4.9333,-52.3333,73.44,94,75,3.44
242,Florestopolis,BR,2022-11-29 20:58:33,-22.8633,-51.3872,75.33,57,48,9.46
243,Along,IN,2022-11-29 20:58:33,28.1667,94.7667,53.91,70,0,1.88
244,Touros,BR,2022-11-29 20:55:35,-5.1989,-35.4608,78.42,75,63,10.71
245,Coquimbo,CL,2022-11-29 20:58:34,-29.9533,-71.3436,65.93,72,75,10.36
246,Kisanga,TZ,2022-11-29 20:58:34,-7.4362,37.7034,75.0,87,73,6.04
247,Havoysund,NO,2022-11-29 20:58:34,70.9963,24.6622,37.63,83,98,14.61
248,Lakes Entrance,AU,2022-11-29 20:58:33,-37.8811,147.981,55.17,65,6,6.17
249,Marly,FR,2022-11-29 20:58:35,50.3456,3.5496,41.74,95,0,1.14
250,Richards Bay,ZA,2022-11-29 20:58:35,-28.783,32.0377,64.98,79,0,5.55
251,Winston-Salem,US,2022-11-29 20:58:35,36.0999,-80.2442,62.02,57,9,7.2
252,Carlos Chagas,BR,2022-11-29 20:58:36,-17.7031,-40.7664,74.39,92,79,11.72
253,Namibe,AO,2022-11-29 20:58:36,-15.1961,12.1522,69.96,81,96,11.01
254,Beyneu,KZ,2022-11-29 20:58:37,45.3167,55.2,26.15,42,0,8.5
255,Port Harcourt,NG,2022-11-29 20:58:37,4.7774,7.0134,79.21,79,71,7.14
256,Chuy,UY,2022-11-29 20:58:37,-33.6971,-53.4616,72.23,68,4,13.44
257,Forio,IT,2022-11-29 20:58:38,40.7342,13.8646,56.43,72,100,8.01
258,Hakui,JP,2022-11-29 20:58:38,36.8833,136.7833,55.24,84,100,5.59
259,Kodinar,IN,2022-11-29 20:58:38,20.7903,70.7031,72.0,38,89,7.09
260,Faanui,PF,2022-11-29 20:58:39,-16.4833,-151.75,79.32,76,16,12.66
261,Nyurba,RU,2022-11-29 20:58:39,63.2842,118.3319,-29.0,99,100,5.79
262,Caravelas,BR,2022-11-29 20:58:39,-17.7125,-39.2481,74.93,90,99,11.18
263,Bellary,IN,2022-11-29 20:58:40,15.15,76.9333,67.19,76,3,5.06
264,Taoudenni,ML,2022-11-29 20:58:40,22.6783,-3.9836,67.51,18,25,11.21
265,Bosaso,SO,2022-11-29 20:58:40,11.2842,49.1816,76.41,72,19,3.15
266,Kilifi,KE,2022-11-29 20:58:41,-3.6305,39.8499,76.8,88,73,6.64
267,Singkang,MY,2022-11-29 20:58:41,2.1006,102.7994,73.67,96,96,2.95
268,Kununurra,AU,2022-11-29 20:58:41,-15.7667,128.7333,76.98,94,97,0.0
269,Freeport,US,2022-11-29 20:58:42,40.6576,-73.5832,44.58,65,95,1.99
270,Portland,US,2022-11-29 20:55:03,45.5234,-122.6762,41.81,94,100,11.01
271,Kaka,TM,2022-11-29 20:58:42,37.3482,59.6143,49.62,76,7,3.91
272,Saint George,US,2022-11-29 20:58:43,37.1041,-113.5841,50.95,23,0,3.0
273,Paratinga,BR,2022-11-29 20:58:43,-12.6906,-43.1842,71.73,91,100,6.08
274,Novobiryusinskiy,RU,2022-11-29 20:58:43,56.9578,97.7076,-4.72,90,100,8.9
275,Ucluelet,CA,2022-11-29 20:58:44,48.9329,-125.5528,34.09,91,100,3.0
276,Guerrero Negro,MX,2022-11-29 20:58:44,27.9769,-114.0611,65.68,54,0,15.46
277,Mocuba,MZ,2022-11-29 20:58:44,-16.8392,36.9856,70.63,96,100,6.02
278,Atar,MR,2022-11-29 20:59:45,20.5169,-13.0499,71.87,16,0,7.83
279,Chengde,CN,2022-11-29 20:59:45,40.9725,117.9361,9.07,29,0,13.69
280,Muros,ES,2022-11-29 20:59:45,42.7762,-9.0603,57.09,84,85,10.54
281,Port Blair,IN,2022-11-29 20:59:46,11.6667,92.75,78.84,89,20,2.3
282,Port Lincoln,AU,2022-11-29 20:59:47,-34.7333,135.8667,58.06,72,65,7.18
283,Starosubkhangulovo,RU,2022-11-29 20:59:47,53.1031,57.4423,3.02,96,32,1.66
284,Rietavas,LT,2022-11-29 20:59:16,55.7194,21.9311,23.43,97,17,5.82
285,Kachug,RU,2022-11-29 20:59:48,53.9606,105.8817,-3.66,91,100,6.11
286,Naron,ES,2022-11-29 20:58:50,43.5167,-8.1528,57.02,85,99,7.23
287,Mihai Viteazu,RO,2022-11-29 20:59:48,46.5333,23.75,28.17,71,69,0.69
288,Evensk,RU,2022-11-29 20:59:49,61.95,159.2333,8.49,91,93,9.84
289,Steinbach,DE,2022-11-29 20:59:49,50.1667,8.5667,45.79,93,40,2.3
290,Muroto,JP,2022-11-29 20:59:50,33.2833,134.15,65.48,88,100,5.39
291,Dunedin,NZ,2022-11-29 20:55:01,-45.8742,170.5036,57.79,84,100,10.0
292,Zhangjiakou,CN,2022-11-29 20:59:50,40.81,114.8794,6.64,28,0,15.61
293,Verkhnyaya Maksakovka,RU,2022-11-29 20:59:51,61.635,50.9674,21.22,93,100,2.24
294,Aripuana,BR,2022-11-29 20:59:51,-9.1667,-60.6333,90.97,45,82,1.63
295,Iztapa,GT,2022-11-29 20:59:51,13.9333,-90.7075,87.85,66,20,5.75
296,Vostok,RU,2022-11-29 20:59:52,46.4856,135.8833,-3.77,96,100,10.25
297,General Roca,AR,2022-11-29 20:59:52,-39.0333,-67.5833,88.63,12,99,17.36
298,Cascais,PT,2022-11-29 20:59:52,38.6979,-9.4215,55.94,71,62,7.0
299,Hami,CN,2022-11-29 20:59:53,42.8,93.45,8.51,23,0,2.82
300,Malartic,CA,2022-11-29 20:59:53,48.1335,-78.1328,26.71,81,100,7.83
301,Chapais,CA,2022-11-29 20:59:53,49.7834,-74.8492,19.18,94,96,5.12
302,Ratnagiri,IN,2022-11-29 20:59:54,16.9833,73.3,75.06,75,9,4.05
303,Teya,RU,2022-11-29 20:59:54,60.3778,92.6267,-18.94,100,97,2.77
304,Mahasamund,IN,2022-11-29 20:59:54,21.1,82.1,59.36,56,0,0.76
305,Constitucion,CL,2022-11-29 20:56:32,-35.3333,-72.4167,63.82,66,18,17.81
306,Dafeng,CN,2022-11-29 20:59:55,23.4517,108.5881,58.1,88,99,11.05
307,Burnie,AU,2022-11-29 20:55:41,-41.0667,145.9167,58.95,74,82,10.18
308,Sur,OM,2022-11-29 20:59:55,22.5667,59.5289,75.22,57,0,3.58
309,Marienburg,PL,2022-11-29 20:59:56,54.0359,19.0266,33.89,95,22,6.49
310,Bohicon,BJ,2022-11-29 20:59:56,7.1783,2.0667,77.2,79,41,5.88
311,Hambantota,LK,2022-11-29 20:59:56,6.1241,81.1185,75.2,83,99,10.98
312,San Andres,CO,2022-11-29 20:59:57,12.5847,-81.7006,82.42,74,40,16.11
313,Ryotsu,JP,2022-11-29 20:59:57,38.0833,138.4333,52.59,74,100,8.32
314,Sinnamary,GF,2022-11-29 20:59:57,5.3833,-52.95,77.77,87,66,9.53
315,Dutlwe,BW,2022-11-29 20:59:58,-23.9833,23.9,74.59,45,6,12.84
316,Ranong,TH,2022-11-29 20:59:58,9.9658,98.6348,76.41,90,66,3.85
317,Hudiksvall,SE,2022-11-29 20:59:58,61.729,17.1036,35.6,95,100,1.07
318,Westport,US,2022-11-29 20:59:26,41.1415,-73.3579,43.09,64,94,5.01
319,Mildura,AU,2022-11-29 20:59:59,-34.2,142.15,55.08,80,38,10.13
320,Les Cayes,HT,2022-11-29 20:59:59,18.2,-73.75,83.05,64,27,4.43
321,Coolum Beach,AU,2022-11-29 21:01:00,-26.5333,153.1,75.11,83,100,1.99
322,Tigre,AR,2022-11-29 20:58:15,-34.426,-58.5796,92.05,42,0,5.75
323,Port-Gentil,GA,2022-11-29 21:01:00,-0.7193,8.7815,76.96,94,20,2.3
324,Provideniya,RU,2022-11-29 21:01:01,64.3833,-173.3,33.91,93,100,15.99
325,Vilhena,BR,2022-11-29 21:01:01,-12.7406,-60.1458,83.98,43,89,5.57
326,Andenes,NO,2022-11-29 21:01:02,69.3143,16.1194,39.92,75,20,3.44
327,Behbahan,IR,2022-11-29 21:01:02,30.5959,50.2417,72.66,23,100,4.74
328,Labuhan,ID,2022-11-29 21:01:03,-6.8844,112.2051,77.36,86,100,10.63
329,Boende,CD,2022-11-29 21:01:03,-0.2167,20.8667,70.09,99,93,3.22
330,Livingston,GB,2022-11-29 21:01:04,55.9029,-3.5226,39.85,97,59,2.3
331,Harindanga,IN,2022-11-29 21:01:05,22.0383,88.3214,72.0,48,2,7.2
332,Deputatskiy,RU,2022-11-29 20:59:33,69.3,139.9,-18.9,99,100,2.17
333,Kargasok,RU,2022-11-29 21:01:05,59.0556,80.8572,-15.32,97,71,4.14
334,Dakar,SN,2022-11-29 21:01:06,14.6937,-17.4441,74.28,68,40,12.66
335,Alamos,MX,2022-11-29 21:01:06,27.0167,-108.9333,79.84,15,5,6.24
336,Makakilo City,US,2022-11-29 21:01:07,21.3469,-158.0858,83.44,60,90,1.23
337,Upernavik,GL,2022-11-29 21:01:07,72.7868,-56.1549,4.28,93,100,14.65
338,Sisimiut,GL,2022-11-29 21:01:08,66.9395,-53.6735,19.24,89,95,13.91
339,Ugoofaaru,MV,2022-11-29 21:01:09,5.6667,73.0,80.35,74,46,1.66
340,Guatire,VE,2022-11-29 21:01:10,10.4762,-66.5427,79.2,82,100,3.56
341,Ingham,US,2022-11-29 21:01:10,42.6,-84.3833,51.75,75,75,17.27
342,Cherskiy,RU,2022-11-29 21:01:11,68.75,161.3,-8.82,96,100,9.89
343,Whitehorse,CA,2022-11-29 20:59:40,60.7161,-135.0538,-1.19,64,75,13.8
344,Khasan,RU,2022-11-29 21:01:11,42.4308,130.6434,13.14,60,97,25.7
345,Kandrian,PG,2022-11-29 21:01:11,-6.2167,149.55,80.08,82,48,6.06
346,Hendersonville,US,2022-11-29 21:00:25,36.3048,-86.62,59.85,91,100,3.0
347,Portsmouth,GB,2022-11-29 20:57:52,50.799,-1.0913,43.99,96,79,3.0
348,Kantunilkin,MX,2022-11-29 21:01:12,21.0917,-87.45,86.81,48,21,7.02
349,Wanning,CN,2022-11-29 21:01:13,18.8003,110.3967,75.13,88,13,0.83
350,Laguna,US,2022-11-29 21:01:13,38.421,-121.4238,59.31,40,0,4.61
351,Berlevag,NO,2022-11-29 21:01:14,70.8578,29.0864,37.4,80,75,16.11
352,Dikson,RU,2022-11-29 21:01:15,73.5069,80.5464,13.01,95,100,6.53
353,Suez,EG,2022-11-29 21:01:15,29.9737,32.5263,61.92,51,0,2.37
354,Havre-Saint-Pierre,CA,2022-11-29 21:01:15,50.2334,-63.5986,15.58,73,5,15.77
355,Usinsk,RU,2022-11-29 21:01:16,65.9939,57.5281,9.99,96,100,7.58
356,Hue,VN,2022-11-29 21:00:33,16.4667,107.6,75.31,100,40,5.75
357,Talnakh,RU,2022-11-29 21:01:17,69.4865,88.3972,-15.27,100,88,6.26
358,Haukipudas,FI,2022-11-29 21:01:17,65.1765,25.3523,30.15,41,100,8.16
359,Bulawayo,ZW,2022-11-29 21:01:18,-20.15,28.5833,60.28,77,1,9.1
360,Flinders,AU,2022-11-29 21:01:18,-34.5833,150.8552,64.18,78,15,5.99
361,Amapa,BR,2022-11-29 21:01:19,1.0,-52.0,76.71,87,90,3.53
362,Voyvozh,RU,2022-11-29 21:01:19,62.892,54.9635,7.11,97,100,2.51
363,Mishelevka,RU,2022-11-29 21:01:20,52.8575,103.1719,4.77,90,100,13.38
364,Vanavara,RU,2022-11-29 21:01:20,60.34,102.2797,-8.03,98,98,5.91
365,Tacoronte,ES,2022-11-29 21:01:21,28.4769,-16.4102,63.16,86,75,11.01
366,Campo Do Brito,BR,2022-11-29 21:01:21,-10.7333,-37.4933,73.53,89,99,4.32
367,North Auburn,US,2022-11-29 21:01:22,38.9313,-121.0819,57.72,51,0,5.75
368,Anadyr,RU,2022-11-29 21:01:22,64.75,177.4833,34.3,86,40,15.66
369,Tautira,PF,2022-11-29 21:02:23,-17.7333,-149.15,78.1,81,31,11.59
370,Juneau,US,2022-11-29 21:02:23,58.3019,-134.4197,11.1,100,12,12.19
371,Pundaguitan,PH,2022-11-29 21:02:23,6.3711,126.1689,81.14,77,99,8.28
372,Itarema,BR,2022-11-29 21:02:24,-2.9248,-39.9167,78.84,76,95,10.22
373,Sobolevo,RU,2022-11-29 21:02:25,54.4299,31.8996,22.39,90,100,8.28
374,Umm Lajj,SA,2022-11-29 21:02:25,25.0213,37.2685,75.74,61,7,7.11
375,Mastic Beach,US,2022-11-29 21:02:26,40.7668,-72.8521,43.99,67,100,3.44
376,Yekaterinburg,RU,2022-11-29 21:00:15,56.8575,60.6125,4.59,92,0,4.47
377,The Pas,CA,2022-11-29 21:02:26,53.8251,-101.2541,8.62,72,100,17.27
378,Chernyshevskiy,RU,2022-11-29 21:02:27,63.0128,112.4714,-16.98,97,100,5.37
379,Palaikastron,GR,2022-11-29 21:02:27,35.2,26.25,59.61,80,54,3.8
380,Rybnaya Sloboda,RU,2022-11-29 21:02:28,55.4613,50.1409,1.45,99,81,3.91
381,Chaiya,TH,2022-11-29 21:02:29,9.3862,99.1986,77.99,85,63,1.59
382,Maneromango,TZ,2022-11-29 21:02:29,-7.1988,38.7848,68.94,97,39,3.53
383,Norman Wells,CA,2022-11-29 21:02:30,65.282,-126.8329,-20.58,99,96,1.92
384,Markdale,CA,2022-11-29 21:02:30,44.3168,-80.6497,39.33,83,100,14.18
385,Veraval,IN,2022-11-29 21:01:33,20.9,70.3667,73.92,39,84,8.9
386,Progreso,MX,2022-11-29 21:02:31,21.2833,-89.6667,89.11,57,25,12.03
387,Hyeres,FR,2022-11-29 21:02:31,43.1167,6.1167,50.68,79,22,4.61
388,Mnogovershinnyy,RU,2022-11-29 21:02:33,53.9353,139.9242,6.82,91,100,23.38
389,Neryungri,RU,2022-11-29 21:01:06,56.6709,124.6491,-23.06,92,100,11.81
390,Konstantinovka,RU,2022-11-29 21:02:33,49.6167,127.9833,-4.49,94,100,9.71
391,Abha,SA,2022-11-29 21:02:34,18.2164,42.5053,56.79,68,2,0.34
392,Williston,US,2022-11-29 20:59:28,48.147,-103.618,15.04,76,99,10.0
393,Yokadouma,CM,2022-11-29 21:02:34,3.5167,15.05,70.93,72,86,2.1
394,Guantanamo,CU,2022-11-29 21:02:35,20.1444,-75.2092,87.37,44,98,9.71
395,Nyimba,ZM,2022-11-29 21:02:35,-14.5566,30.8149,68.59,84,76,6.11
396,Erzin,TR,2022-11-29 21:02:36,36.9559,36.2,57.72,71,100,7.85
397,Kitui,KE,2022-11-29 21:02:36,-1.367,38.0106,64.85,88,90,0.83
398,Novopokrovka,UA,2022-11-29 21:02:37,49.8425,36.5477,28.13,48,96,13.49
399,Saint Anthony,US,2022-11-29 21:00:20,45.0205,-93.218,25.75,89,100,19.57
400,Arak,IR,2022-11-29 21:02:37,34.0917,49.6892,46.51,48,100,2.84
401,Kahului,US,2022-11-29 21:02:38,20.8947,-156.47,80.96,85,87,3.0
402,Kholodnyy,RU,2022-11-29 21:02:39,62.7167,147.95,-26.75,100,95,4.27
403,Mitzic,GA,2022-11-29 21:02:18,0.7821,11.549,69.67,95,100,1.23
404,Klyuchevskiy,RU,2022-11-29 21:02:39,53.5317,119.4519,-13.79,84,100,5.53
405,Lypova Dolyna,UA,2022-11-29 21:02:40,50.5643,33.7979,30.34,54,100,12.57
406,Kalachinsk,RU,2022-11-29 21:02:40,55.0529,74.5751,-5.42,90,61,5.28
407,Buchanan,LR,2022-11-29 21:02:41,5.8808,-10.0467,78.19,80,69,4.47
408,Bima,ID,2022-11-29 21:02:41,-8.4667,118.7167,76.68,91,100,3.98
409,Eregli,TR,2022-11-29 21:00:16,37.5133,34.0467,47.86,68,67,3.18
410,Pingliang,CN,2022-11-29 21:02:41,35.5392,106.6861,14.85,27,100,2.33
411,Ewa Beach,US,2022-11-29 21:02:42,21.3156,-158.0072,84.85,63,87,8.01
412,Conceicao Do Araguaia,BR,2022-11-29 21:02:42,-8.2578,-49.2647,71.67,97,100,5.1
413,Bengkulu,ID,2022-11-29 21:02:43,-3.8004,102.2655,75.52,91,100,3.24
414,Port Hardy,CA,2022-11-29 20:57:58,50.6996,-127.4199,32.18,93,100,34.52
415,Fortuna,US,2022-11-29 21:02:43,40.5982,-124.1573,52.93,67,0,1.99
416,Cairns,AU,2022-11-29 21:01:17,-16.9167,145.7667,81.09,89,49,0.0
417,Pacific Grove,US,2022-11-29 21:02:44,36.6177,-121.9166,58.68,67,0,10.0
418,Bergerac,FR,2022-11-29 21:03:44,44.8333,0.5,44.87,100,100,2.3
419,Micheweni,TZ,2022-11-29 21:03:45,-4.9667,39.8333,78.39,84,61,6.33
420,Eureka,US,2022-11-29 20:58:59,40.8021,-124.1637,53.2,61,63,3.0
421,Beringovskiy,RU,2022-11-29 21:03:46,63.05,179.3167,29.28,96,100,5.61
422,Youkounkoun,GN,2022-11-29 21:03:46,12.5333,-13.1333,80.49,32,77,2.35
423,Shaunavon,CA,2022-11-29 21:03:47,49.6501,-108.4181,6.39,83,100,18.1
424,Gorontalo,ID,2022-11-29 21:03:47,0.5412,123.0595,74.91,95,84,3.44
425,Petropavlovsk-Kamchatskiy,RU,2022-11-29 21:03:48,53.0452,158.6483,14.59,86,100,6.71
426,Ostersund,SE,2022-11-29 21:03:48,63.1792,14.6357,33.62,100,100,8.05
427,Ahipara,NZ,2022-11-29 21:03:48,-35.1667,173.1667,68.5,74,20,11.61
428,Zhuhai,CN,2022-11-29 21:03:49,22.2769,113.5678,76.86,100,40,4.61
429,Kashi,CN,2022-11-29 20:59:49,39.4547,75.9797,22.21,38,28,6.71
430,Siwan,IN,2022-11-29 21:03:49,26.2167,84.3667,64.42,49,24,4.25
431,Tonami,JP,2022-11-29 21:03:50,37.0013,137.7272,52.5,93,100,9.15
432,Mahibadhoo,MV,2022-11-29 21:03:50,3.7833,72.9667,80.2,69,99,2.93
433,Sept-Iles,CA,2022-11-29 21:03:50,50.2001,-66.3821,15.24,75,14,9.82
434,Alta Floresta,BR,2022-11-29 20:59:57,-9.8756,-56.0861,87.62,62,20,6.91
435,Oranjestad,AW,2022-11-29 20:59:50,12.524,-70.027,84.15,70,20,14.97
436,Skjervoy,NO,2022-11-29 21:03:51,70.0311,20.9714,32.0,66,88,10.09
437,Saint-Francois,FR,2022-11-29 21:03:51,46.4154,3.9054,42.24,93,100,4.61
438,Carballo,ES,2022-11-29 21:03:52,43.213,-8.691,56.01,85,92,4.94
439,Dicabisagan,PH,2022-11-29 21:03:52,17.0818,122.4157,78.13,89,19,3.24
440,Poya,NC,2022-11-29 21:02:02,-21.35,165.15,84.42,66,77,3.42
441,Tura,IN,2022-11-29 21:03:53,25.5198,90.2201,61.74,86,0,3.49
442,Mersin,TR,2022-11-29 21:03:53,36.862,34.6509,62.02,53,98,7.54
443,Lanigan,CA,2022-11-29 21:03:53,51.8501,-105.0344,9.21,91,100,13.58
444,Visnes,NO,2022-11-29 21:03:54,59.3556,5.2242,46.22,75,75,4.61
445,Egvekinot,RU,2022-11-29 21:03:54,66.3167,-179.1667,25.2,99,100,8.77
446,Samana,DO,2022-11-29 20:59:59,19.2056,-69.3369,84.16,78,40,6.91
447,Kielce,PL,2022-11-29 21:03:55,50.8703,20.6275,33.03,1,13,5.79
448,Pimentel,PE,2022-11-29 21:03:55,-6.8367,-79.9342,69.01,80,72,12.91
449,Itoman,JP,2022-11-29 21:03:56,26.1247,127.6694,75.22,88,100,19.57
450,Nalut,LY,2022-11-29 21:03:56,30.3333,10.85,51.12,56,1,9.15
451,Snasa,NO,2022-11-29 21:03:56,64.2457,12.3778,36.81,84,56,4.76
452,Sambava,MG,2022-11-29 21:03:41,-14.2667,50.1667,72.27,88,1,4.92
453,Sibolga,ID,2022-11-29 21:03:57,1.7427,98.7792,75.54,86,100,1.83
454,Concepcion,CL,2022-11-29 21:00:01,-36.827,-73.0498,65.88,63,71,13.62
455,Jaque,PA,2022-11-29 21:03:58,7.5175,-78.1703,77.13,90,100,9.44
456,Ancud,CL,2022-11-29 21:03:58,-41.8697,-73.8203,52.09,74,100,5.53
457,Cockburn Town,TC,2022-11-29 21:03:58,21.4612,-71.1419,80.58,72,27,18.7
458,Sao Sebastiao,BR,2022-11-29 20:59:41,-23.76,-45.4097,71.29,97,100,0.96
459,Hualmay,PE,2022-11-29 21:03:59,-11.0964,-77.6139,71.31,74,31,10.04
460,Pauna,CO,2022-11-29 21:03:59,5.6586,-73.9825,70.47,97,78,2.26
461,Englehart,CA,2022-11-29 21:04:00,47.8169,-79.8664,32.29,81,100,10.0
462,Tateyama,JP,2022-11-29 21:04:00,34.9833,139.8667,64.09,85,56,16.53
463,Aksu,CN,2022-11-29 21:04:00,41.1231,80.2644,14.95,16,2,3.09
464,Ilulissat,GL,2022-11-29 21:04:01,69.2167,-51.1,9.43,81,19,4.59
465,Paamiut,GL,2022-11-29 20:59:52,61.994,-49.6678,26.76,85,100,6.08
466,Druzhba,UA,2022-11-29 21:04:02,52.0428,33.9453,25.36,79,100,12.21
467,Bilibino,RU,2022-11-29 21:05:02,68.0546,166.4372,10.09,96,100,3.33
468,Kamenka,RU,2022-11-29 21:02:18,51.3223,42.7678,22.26,59,6,7.58
469,Aranda De Duero,ES,2022-11-29 21:05:03,41.6704,-3.6892,42.58,77,100,1.92
470,Ilhabela,BR,2022-11-29 21:05:03,-23.7781,-45.3581,71.35,96,100,0.45
471,Pangkalanbuun,ID,2022-11-29 21:05:04,-2.6833,111.6167,73.87,99,100,2.62
472,Krasavino,RU,2022-11-29 21:05:05,60.9614,46.4814,11.71,97,82,2.84
473,Lillooet,CA,2022-11-29 21:05:05,50.6856,-121.942,16.65,84,100,3.0
474,Adra,ES,2022-11-29 21:05:05,36.7496,-3.0206,53.38,66,100,2.04
475,Panalingaan,PH,2022-11-29 21:05:06,8.7842,117.4231,78.51,85,92,3.33
476,Itacoatiara,BR,2022-11-29 21:05:06,-3.1431,-58.4442,83.14,66,96,1.28
477,Sorland,NO,2022-11-29 21:05:07,67.667,12.6934,40.86,72,100,16.11
478,Okoneshnikovo,RU,2022-11-29 21:05:07,54.8377,75.0834,-4.74,89,88,5.28
479,Sandnessjoen,NO,2022-11-29 21:05:08,66.0217,12.6316,38.64,67,100,3.0
480,Port Arthur,CN,2022-11-29 21:05:08,38.8,121.2667,17.82,58,100,20.24
481,Mana,GF,2022-11-29 21:05:09,5.6592,-53.7767,77.14,89,95,7.72
482,Kulhudhuffushi,MV,2022-11-29 21:05:09,6.6221,73.07,80.4,73,15,1.45
483,Kushiro,JP,2022-11-29 21:05:10,42.975,144.3747,39.27,79,100,15.99
484,Khipro,PK,2022-11-29 21:05:10,25.8285,69.3772,67.17,19,5,7.76
485,Jalu,LY,2022-11-29 21:05:10,29.0331,21.5482,60.66,49,0,7.63
486,Chongwe,ZM,2022-11-29 21:05:11,-15.3292,28.682,63.46,97,20,3.42
487,Tulun,RU,2022-11-29 21:05:11,54.5611,100.5792,1.51,74,100,13.02
488,Alyangula,AU,2022-11-29 21:05:12,-13.8483,136.4192,80.31,77,100,4.32
489,Hofn,IS,2022-11-29 21:01:22,64.2539,-15.2082,43.14,85,100,4.72
490,Novoshcherbinovskaya,RU,2022-11-29 21:05:12,46.4767,38.6476,32.27,42,95,21.79
491,Bac Lieu,VN,2022-11-29 21:05:13,9.285,105.7244,77.04,87,100,8.01
492,Pokosnoye,RU,2022-11-29 21:05:13,55.5258,101.0536,-2.43,88,100,12.59
493,Krasnoselkup,RU,2022-11-29 21:05:14,65.7,82.4667,-6.81,100,75,5.3
494,Chara,RU,2022-11-29 21:05:14,56.9064,118.2631,-28.86,79,89,1.48
495,Moron,AR,2022-11-29 21:05:14,-34.6534,-58.6198,91.94,48,71,9.66
496,Sao Filipe,CV,2022-11-29 21:05:15,14.8961,-24.4956,76.05,65,0,8.14
497,Edson,CA,2022-11-29 21:02:49,53.5835,-116.4356,1.51,78,75,3.44
498,Santa Fe,AR,2022-11-29 21:05:16,-31.6333,-60.7,93.97,34,0,1.01
499,San Giustino,IT,2022-11-29 21:05:16,43.5495,12.1736,47.26,80,81,10.71
500,Barra Do Garcas,BR,2022-11-29 21:01:11,-15.89,-52.2567,90.64,27,64,8.05
501,Merauke,ID,2022-11-29 21:05:17,-8.4667,140.3333,77.38,89,100,11.25
502,Tenenkou,ML,2022-11-29 21:05:17,14.4572,-4.9169,79.57,14,92,9.66
503,Maiduguri,NG,2022-11-29 21:05:17,11.8464,13.1603,68.72,28,100,7.72
504,Razole,IN,2022-11-29 21:05:18,16.4833,81.8333,68.97,83,10,3.29
505,Shirokiy,RU,2022-11-29 21:05:18,49.758,129.523,-4.43,95,100,10.36
506,Velyka Bahachka,UA,2022-11-29 21:05:19,49.7912,33.7226,31.21,51,100,12.82
507,Plettenberg Bay,ZA,2022-11-29 21:05:19,-34.0527,23.3716,68.77,67,0,4.23
508,Aklavik,CA,2022-11-29 21:05:19,68.2191,-135.0107,-14.87,83,91,6.33
509,Dewas,IN,2022-11-29 21:05:20,22.9667,76.0667,57.38,41,64,5.5
510,Goderich,CA,2022-11-29 21:00:54,43.7501,-81.7165,44.91,82,100,21.12
511,Los Llanos De Aridane,ES,2022-11-29 21:05:20,28.6585,-17.9182,67.75,78,75,12.66
512,Orlik,RU,2022-11-29 21:05:21,52.5178,99.825,-19.71,92,99,2.82
513,La Ronge,CA,2022-11-29 21:05:21,55.1001,-105.2842,7.68,85,100,12.57
514,Keetmanshoop,NA,2022-11-29 21:06:21,-26.5833,18.1333,78.21,35,82,15.55
515,Key West,US,2022-11-29 21:06:22,24.5557,-81.7826,89.6,70,0,17.27
516,Gizo,SB,2022-11-29 21:06:23,-8.103,156.8419,82.42,74,100,4.63
517,Nyakahanga,TZ,2022-11-29 21:06:23,-1.6033,31.1414,56.82,96,98,2.64
518,Inuvik,CA,2022-11-29 21:06:23,68.3499,-133.7218,-14.04,76,100,2.3
519,Awjilah,LY,2022-11-29 21:06:24,29.1081,21.2869,60.71,50,0,8.23
520,Mezen,RU,2022-11-29 21:06:24,65.8522,44.24,30.9,98,100,6.82
521,Antofagasta,CL,2022-11-29 21:04:11,-23.65,-70.4,65.59,71,39,7.0
522,Chimbote,PE,2022-11-29 21:04:22,-9.0853,-78.5783,71.73,71,73,9.91
523,Talcahuano,CL,2022-11-29 21:06:25,-36.7167,-73.1167,65.88,63,0,16.11
524,Puerto Asis,CO,2022-11-29 21:06:25,0.5133,-76.5007,87.55,50,45,1.7
525,Bauchi,NG,2022-11-29 21:06:25,10.5,10.0,68.11,30,74,6.04
526,Saucillo,MX,2022-11-29 21:06:26,28.0167,-105.2833,80.24,12,18,15.32
527,Kroya,ID,2022-11-29 21:06:26,-7.6331,109.2461,77.63,84,100,4.5
528,Marquette,US,2022-11-29 21:06:26,46.5333,-87.6335,37.78,91,100,13.51
529,Maniitsoq,GL,2022-11-29 21:06:27,65.4167,-52.9,29.79,84,72,14.7
530,Floro,NO,2022-11-29 21:06:27,61.5996,5.0328,44.96,65,100,14.97
531,Picos,BR,2022-11-29 21:01:39,-7.0769,-41.4669,75.02,89,100,3.47
532,Khandyga,RU,2022-11-29 21:06:28,62.6667,135.6,-33.23,96,100,0.56
533,Ust-Ilimsk,RU,2022-11-29 21:06:28,58.0006,102.6619,-2.61,96,100,7.61
534,Keti Bandar,PK,2022-11-29 21:06:29,24.1447,67.4497,73.15,24,0,9.04
535,Moindou,NC,2022-11-29 21:06:29,-21.6924,165.677,83.37,68,84,3.69
536,Uruguaiana,BR,2022-11-29 21:06:30,-29.7547,-57.0883,94.93,36,20,5.75
537,Birao,CF,2022-11-29 21:02:20,10.2849,22.7882,76.78,30,84,3.0
538,Iracoubo,GF,2022-11-29 21:06:30,5.4802,-53.2011,77.47,88,72,9.33
539,Trujillo,PE,2022-11-29 21:06:30,-8.116,-79.03,69.76,83,75,9.22
540,Jieshi,CN,2022-11-29 21:06:31,22.8134,115.8257,74.34,86,0,8.23
541,Taltal,CL,2022-11-29 21:06:31,-25.4,-70.4833,64.8,75,32,5.37
542,Kurumkan,RU,2022-11-29 21:02:21,54.3,110.3,-16.76,88,19,4.29
543,Biltine,TD,2022-11-29 21:06:32,14.5333,20.9167,75.09,18,4,7.18
544,Kosh-Agach,RU,2022-11-29 21:06:32,50.0,88.6667,-14.3,70,12,3.02
545,Kaohsiung,TW,2022-11-29 21:03:03,22.6163,120.3133,79.03,85,33,1.99
546,Chirongui,YT,2022-11-29 21:06:32,-12.9319,45.1483,78.73,75,1,8.86
547,Mayo,US,2022-11-29 21:06:33,38.8876,-76.5119,52.18,68,0,5.99
548,Tual,ID,2022-11-29 21:06:33,-5.6667,132.75,83.61,73,97,18.25
549,Komsomolskiy,UZ,2022-11-29 21:06:33,40.4272,71.7189,43.52,93,75,4.61
550,Broken Hill,AU,2022-11-29 21:06:34,-31.95,141.4333,59.9,50,8,13.89
551,Lompoc,US,2022-11-29 21:06:34,34.6391,-120.4579,66.69,56,0,8.05
552,Dwarahat,IN,2022-11-29 21:06:35,29.7833,79.4333,48.78,82,96,3.22
553,Matozinhos,BR,2022-11-29 21:06:35,-19.5578,-44.0814,70.23,68,40,3.44
554,Asyut,EG,2022-11-29 21:06:35,27.181,31.1837,63.7,44,0,4.41
555,Ust-Tsilma,RU,2022-11-29 21:06:36,65.441,52.1498,17.96,98,99,2.26
556,Akdagmadeni,TR,2022-11-29 21:06:36,39.6603,35.8836,42.91,78,100,4.38
557,Pucallpa,PE,2022-11-29 21:06:36,-8.3791,-74.5539,93.24,46,40,5.75
558,Bourail,NC,2022-11-29 21:06:37,-21.5667,165.4833,83.53,65,80,4.0
559,Verkhnevilyuysk,RU,2022-11-29 21:07:37,63.4453,120.3167,-32.28,99,98,4.12
560,Amurzet,RU,2022-11-29 21:07:38,47.6967,131.0981,0.7,73,97,16.35
561,Heihe,CN,2022-11-29 21:04:51,50.2441,127.4902,-4.61,90,100,10.36
562,Mtwara,TZ,2022-11-29 21:07:38,-10.2667,40.1833,77.4,82,28,8.19
563,Mega,ET,2022-11-29 21:07:39,4.05,38.3,61.05,61,34,8.99
564,Francistown,BW,2022-11-29 21:07:39,-21.17,27.5079,66.97,66,0,9.64
565,Nuevo Progreso,MX,2022-11-29 21:07:40,23.1667,-97.95,85.89,58,6,1.99
566,Lazaro Cardenas,MX,2022-11-29 21:07:40,17.9583,-102.2,83.35,59,6,7.34
567,Vila Franca Do Campo,PT,2022-11-29 21:07:40,37.7167,-25.4333,65.19,90,81,5.01
568,Teguldet,RU,2022-11-29 21:07:41,57.3064,88.1667,-13.94,99,92,3.27
569,Karratha,AU,2022-11-29 21:07:41,-20.7377,116.8463,77.79,69,11,10.63
570,Banjar,ID,2022-11-29 21:07:41,-8.19,114.9675,78.51,89,100,5.46
571,Tabou,CI,2022-11-29 21:07:42,4.423,-7.3528,77.97,83,39,4.25
